generated_at,instrument,bar,candle_ts,last,kappa,n_eff,n_turn,consistency,c_null,c_ratio,efficiency_ratio,state
2026-09-19T11:19:39+00:00,BTC-USDT,5m,1789816200000,81312.5,1.257451,4.09,8.12,0.0024,0.01771,0.136,0.1403,sharp
2026-09-19T11:19:39+00:00,BTC-USDT,15m,1789815600000,81312.5,1.245627,4.17,9.21,0.006,0.01771,0.339,0.0647,sharp
2026-09-19T11:19:39+00:00,BTC-USDT,1H,1789812000000,81222.3,1.130064,5.41,11.54,0.0218,0.01771,1.231,0.4658,normal
2026-09-19T11:19:39+00:00,BTC-USDT,4H,1789790400000,81095.3,1.152528,5.05,10.05,0.0242,0.01771,1.367,0.0859,normal
2026-09-19T11:19:39+00:00,BTC-USDT,1D,1789660800000,80728.7,1.179007,4.73,10.75,0.0479,0.01771,2.705,0.2478,sharp
2026-09-19T11:44:32+00:00,BTC-USDT,5m,1789817700000,81274.5,1.258738,4.08,7.93,0.0044,0.01771,0.248,0.0903,sharp
2026-09-19T11:44:32+00:00,BTC-USDT,15m,1789816500000,81268.8,1.243393,4.18,9.19,0.0003,0.01771,0.017,0.0226,sharp
2026-09-19T11:44:32+00:00,BTC-USDT,1H,1789812000000,81222.3,1.130064,5.41,11.54,0.0218,0.01771,1.231,0.4658,normal
2026-09-19T11:44:32+00:00,BTC-USDT,4H,1789790400000,81095.3,1.152528,5.05,10.05,0.0242,0.01771,1.367,0.0859,normal
2026-09-19T11:44:32+00:00,BTC-USDT,1D,1789660800000,80728.7,1.179007,4.73,10.75,0.0479,0.01771,2.705,0.2478,sharp
2026-09-19T12:16:16+00:00,BTC-USDT,5m,1789819800000,81358.3,1.254767,4.11,8.32,0.0273,0.01771,1.542,0.0653,sharp
2026-09-19T12:16:16+00:00,BTC-USDT,15m,1789819200000,81358.3,1.235034,4.24,9.73,0.006,0.01771,0.339,0.039,sharp
2026-09-19T12:16:16+00:00,BTC-USDT,1H,1789815600000,81308.2,1.129627,5.42,11.44,0.0051,0.01771,0.288,0.4632,normal
2026-09-19T12:16:16+00:00,BTC-USDT,4H,1789804800000,81308.2,1.148028,5.12,9.9,0.0275,0.01771,1.553,0.1351,normal
2026-09-19T12:16:16+00:00,BTC-USDT,1D,1789660800000,80728.7,1.179007,4.73,10.75,0.0479,0.01771,2.705,0.2478,sharp
2026-09-19T12:52:58+00:00,BTC-USDT,5m,1789821900000,81275.1,1.257095,4.09,8.59,0.0094,0.01771,0.531,0.0683,sharp
2026-09-19T12:52:58+00:00,BTC-USDT,15m,1789821000000,81290.3,1.239995,4.2,9.18,0.0095,0.01771,0.536,0.0112,sharp
2026-09-19T12:52:58+00:00,BTC-USDT,1H,1789815600000,81308.2,1.129627,5.42,11.44,0.0051,0.01771,0.288,0.4632,normal
2026-09-19T12:52:58+00:00,BTC-USDT,4H,1789804800000,81308.2,1.148028,5.12,9.9,0.0275,0.01771,1.553,0.1351,normal
2026-09-19T12:52:58+00:00,BTC-USDT,1D,1789660800000,80728.7,1.179007,4.73,10.75,0.0479,0.01771,2.705,0.2478,sharp
2026-09-19T13:19:19+00:00,BTC-USDT,5m,1789823400000,81247.5,1.271495,4.01,8.51,0.0213,0.01771,1.203,0.0066,sharp
2026-09-19T13:19:19+00:00,BTC-USDT,15m,1789822800000,81247.5,1.245841,4.16,9.19,0.0045,0.01771,0.254,0.003,sharp
2026-09-19T13:19:19+00:00,BTC-USDT,1H,1789819200000,81341.5,1.129556,5.42,11.41,0.0025,0.01771,0.141,0.4634,normal
2026-09-19T13:19:19+00:00,BTC-USDT,4H,1789804800000,81308.2,1.148028,5.12,9.9,0.0275,0.01771,1.553,0.1351,normal
2026-09-19T13:19:19+00:00,BTC-USDT,1D,1789660800000,80728.7,1.179007,4.73,10.75,0.0479,0.01771,2.705,0.2478,sharp
2026-09-19T13:37:24+00:00,BTC-USDT,5m,1789824600000,81272.4,1.275637,3.99,8.12,0.026,0.01771,1.468,0.0344,sharp
2026-09-19T13:37:24+00:00,BTC-USDT,15m,1789823700000,81239.4,1.243034,4.18,9.21,0.0066,0.01771,0.373,0.0266,sharp
2026-09-19T13:37:24+00:00,BTC-USDT,1H,1789819200000,81341.5,1.129556,5.42,11.41,0.0025,0.01771,0.141,0.4634,normal
2026-09-19T13:37:24+00:00,BTC-USDT,4H,1789804800000,81308.2,1.148028,5.12,9.9,0.0275,0.01771,1.553,0.1351,normal
2026-09-19T13:37:24+00:00,BTC-USDT,1D,1789660800000,80728.7,1.179007,4.73,10.75,0.0479,0.01771,2.705,0.2478,sharp
2026-09-19T13:57:06+00:00,BTC-USDT,5m,1789825800000,81338.1,1.28014,3.96,8.44,0.015,0.01771,0.847,0.0111,sharp
2026-09-19T13:57:06+00:00,BTC-USDT,15m,1789824600000,81270.6,1.24426,4.17,9.16,0.0012,0.01771,0.068,0.0293,sharp
2026-09-19T13:57:06+00:00,BTC-USDT,1H,1789819200000,81341.5,1.129556,5.42,11.41,0.0025,0.01771,0.141,0.4634,normal
2026-09-19T13:57:06+00:00,BTC-USDT,4H,1789804800000,81308.2,1.148028,5.12,9.9,0.0275,0.01771,1.553,0.1351,normal
2026-09-19T13:57:06+00:00,BTC-USDT,1D,1789660800000,80728.7,1.179007,4.73,10.75,0.0479,0.01771,2.705,0.2478,sharp
2026-09-19T22:24:29+00:00,BTC-USDT,5m,1789856100000,81055.2,1.267358,4.03,7.96,0.0189,0.01771,1.068,0.2403,sharp
2026-09-19T22:24:29+00:00,BTC-USDT,15m,1789855200000,81005.9,1.244189,4.18,7.81,0.0054,0.01771,0.305,0.0224,sharp
2026-09-19T22:24:29+00:00,BTC-USDT,1H,1789851600000,81100.5,1.132619,5.36,11.47,0.0118,0.01771,0.664,0.4217,normal
2026-09-19T22:24:29+00:00,BTC-USDT,4H,1789833600000,81365.7,1.149429,5.1,9.79,0.0149,0.01771,0.839,0.1512,normal
2026-09-19T22:24:29+00:00,BTC-USDT,1D,1789747200000,81647.3,1.176812,4.75,10.61,0.0349,0.01771,1.972,0.2739,sharp
2026-09-20T00:02:29+00:00,BTC-USDT,5m,1789862100000,81265.8,1.255451,4.1,8.02,0.0049,0.01771,0.276,0.0819,sharp
2026-09-20T00:02:29+00:00,BTC-USDT,15m,1789861500000,81265.8,1.241532,4.19,7.99,0.0019,0.01771,0.107,0.0389,sharp
2026-09-20T00:02:29+00:00,BTC-USDT,1H,1789858800000,81265.8,1.131173,5.39,11.5,0.0037,0.01771,0.211,0.4132,normal
2026-09-20T00:02:29+00:00,BTC-USDT,4H,1789848000000,81265.8,1.150601,5.08,9.83,0.0056,0.01771,0.316,0.1444,normal
2026-09-20T00:02:29+00:00,BTC-USDT,1D,1789747200000,81647.3,1.176812,4.75,10.61,0.0349,0.01771,1.972,0.2739,sharp
2026-09-20T02:08:27+00:00,BTC-USDT,5m,1789869600000,81095.0,1.268908,4.02,7.38,0.0165,0.01771,0.93,0.0029,sharp
2026-09-20T02:08:27+00:00,BTC-USDT,15m,1789868700000,81104.8,1.232853,4.25,8.4,0.0164,0.01771,0.926,0.0489,sharp
2026-09-20T02:08:27+00:00,BTC-USDT,1H,1789866000000,81104.8,1.131207,5.39,11.86,0.0382,0.01771,2.16,0.4207,normal
2026-09-20T02:08:27+00:00,BTC-USDT,4H,1789848000000,81265.8,1.150601,5.08,9.83,0.0056,0.01771,0.316,0.1444,normal
2026-09-20T02:08:27+00:00,BTC-USDT,1D,1789747200000,81647.3,1.176812,4.75,10.61,0.0349,0.01771,1.972,0.2739,sharp
2026-09-20T04:49:01+00:00,BTC-USDT,5m,1789879200000,80400.0,1.193882,4.57,8.99,0.0279,0.01771,1.578,0.2963,sharp
2026-09-20T04:49:01+00:00,BTC-USDT,15m,1789878600000,80400.0,1.205328,4.47,9.17,0.0138,0.01771,0.778,0.1931,sharp
2026-09-20T04:49:01+00:00,BTC-USDT,1H,1789873200000,80490.4,1.137204,5.29,11.73,0.0208,0.01771,1.177,0.3229,normal
2026-09-20T04:49:01+00:00,BTC-USDT,4H,1789862400000,80490.4,1.160163,4.95,9.76,0.0134,0.01771,0.756,0.1139,sharp
2026-09-20T04:49:01+00:00,BTC-USDT,1D,1789747200000,81647.3,1.176812,4.75,10.61,0.0349,0.01771,1.972,0.2739,sharp
2026-09-20T05:18:32+00:00,BTC-USDT,5m,1789881000000,80593.2,1.189007,4.62,9.11,0.0234,0.01771,1.321,0.2222,sharp
2026-09-20T05:18:32+00:00,BTC-USDT,15m,1789880400000,80593.2,1.207378,4.45,9.35,0.0334,0.01771,1.888,0.2003,sharp
2026-09-20T05:18:32+00:00,BTC-USDT,1H,1789876800000,80441.4,1.134562,5.33,11.53,0.004,0.01771,0.223,0.3275,normal
2026-09-20T05:18:32+00:00,BTC-USDT,4H,1789862400000,80490.4,1.160163,4.95,9.76,0.0134,0.01771,0.756,0.1139,sharp
2026-09-20T05:18:32+00:00,BTC-USDT,1D,1789747200000,81647.3,1.176812,4.75,10.61,0.0349,0.01771,1.972,0.2739,sharp
2026-09-20T07:06:07+00:00,BTC-USDT,5m,1789887600000,80301.4,1.208094,4.45,8.22,0.0144,0.01771,0.812,0.2473,sharp
2026-09-20T07:06:07+00:00,BTC-USDT,15m,1789886700000,80313.8,1.178177,4.74,10.06,0.0325,0.01771,1.838,0.3466,sharp
2026-09-20T07:06:07+00:00,BTC-USDT,1H,1789884000000,80313.8,1.136029,5.3,11.35,0.0129,0.01771,0.727,0.3194,normal
2026-09-20T07:06:07+00:00,BTC-USDT,4H,1789862400000,80490.4,1.160163,4.95,9.76,0.0134,0.01771,0.756,0.1139,sharp
2026-09-20T07:06:07+00:00,BTC-USDT,1D,1789747200000,81647.3,1.176812,4.75,10.61,0.0349,0.01771,1.972,0.2739,sharp
2026-09-20T10:02:05+00:00,BTC-USDT,5m,1789898100000,80469.4,1.240957,4.2,8.47,0.013,0.01771,0.736,0.0084,sharp
2026-09-20T10:02:05+00:00,BTC-USDT,15m,1789897500000,80469.4,1.193428,4.58,9.37,0.0253,0.01771,1.427,0.2135,sharp
2026-09-20T10:02:05+00:00,BTC-USDT,1H,1789894800000,80469.4,1.137375,5.28,11.23,0.0172,0.01771,0.972,0.3446,normal
2026-09-20T10:02:05+00:00,BTC-USDT,4H,1789876800000,80305.7,1.159504,4.96,9.69,0.0134,0.01771,0.758,0.1185,sharp
2026-09-20T10:02:05+00:00,BTC-USDT,1D,1789747200000,81647.3,1.176812,4.75,10.61,0.0349,0.01771,1.972,0.2739,sharp
2026-09-20T14:19:45+00:00,BTC-USDT,5m,1789913400000,80585.6,1.230499,4.27,9.07,0.0449,0.01771,2.536,0.1322,sharp
2026-09-20T14:19:45+00:00,BTC-USDT,15m,1789912800000,80585.6,1.188114,4.63,10.34,0.0123,0.01771,0.694,0.1883,sharp
2026-09-20T14:19:45+00:00,BTC-USDT,1H,1789909200000,80566.5,1.144023,5.18,10.8,0.019,0.01771,1.072,0.3109,normal
2026-09-20T14:19:45+00:00,BTC-USDT,4H,1789891200000,80483.6,1.155021,5.02,9.62,0.013,0.01771,0.735,0.1585,normal
2026-09-20T14:19:45+00:00,BTC-USDT,1D,1789747200000,81647.3,1.176812,4.75,10.61,0.0349,0.01771,1.972,0.2739,sharp
2026-09-20T17:37:41+00:00,BTC-USDT,5m,1789925400000,81263.0,1.252509,4.12,8.77,0.0299,0.01771,1.687,0.28,sharp
2026-09-20T17:37:41+00:00,BTC-USDT,15m,1789924500000,81168.1,1.247229,4.16,8.78,0.0117,0.01771,0.661,0.1477,sharp
2026-09-20T17:37:41+00:00,BTC-USDT,1H,1789920000000,81340.5,1.144823,5.16,11.12,0.0175,0.01771,0.988,0.3316,normal
2026-09-20T17:37:41+00:00,BTC-USDT,4H,1789905600000,80917.5,1.159699,4.96,9.72,0.0413,0.01771,2.334,0.1808,sharp
2026-09-20T17:37:41+00:00,BTC-USDT,1D,1789833600000,80917.5,1.170468,4.82,10.31,0.0019,0.01771,0.109,0.2818,sharp
2026-09-20T20:40:53+00:00,BTC-USDT,5m,1789936500000,81138.9,1.253771,4.11,7.83,0.0121,0.01771,0.686,0.0917,sharp
2026-09-20T20:40:53+00:00,BTC-USDT,15m,1789935300000,81180.1,1.251392,4.13,8.37,0.0117,0.01771,0.658,0.1485,sharp
2026-09-20T20:40:53+00:00,BTC-USDT,1H,1789930800000,81186.7,1.1397,5.24,10.89,0.0151,0.01771,0.855,0.2593,normal
2026-09-20T20:40:53+00:00,BTC-USDT,4H,1789920000000,81186.7,1.156128,5.0,9.96,0.0022,0.01771,0.125,0.226,normal
2026-09-20T20:40:53+00:00,BTC-USDT,1D,1789833600000,80917.5,1.170468,4.82,10.31,0.0019,0.01771,0.109,0.2818,sharp
2026-09-20T23:08:42+00:00,BTC-USDT,5m,1789945200000,81132.1,1.25591,4.1,7.4,0.0018,0.01771,0.102,0.0113,sharp
2026-09-20T23:08:42+00:00,BTC-USDT,15m,1789944300000,81211.2,1.248655,4.15,8.37,0.0235,0.01771,1.325,0.1519,sharp
2026-09-20T23:08:42+00:00,BTC-USDT,1H,1789941600000,81211.2,1.156878,4.99,10.81,0.0204,0.01771,1.152,0.2744,sharp
2026-09-20T23:08:42+00:00,BTC-USDT,4H,1789920000000,81186.7,1.156128,5.0,9.96,0.0022,0.01771,0.125,0.226,normal
2026-09-20T23:08:42+00:00,BTC-USDT,1D,1789833600000,80917.5,1.170468,4.82,10.31,0.0019,0.01771,0.109,0.2818,sharp
2026-09-21T01:30:08+00:00,BTC-USDT,5m,1789953900000,81596.4,1.250779,4.13,7.95,0.0279,0.01771,1.578,0.111,sharp
2026-09-21T01:30:08+00:00,BTC-USDT,15m,1789953300000,81596.4,1.238341,4.21,7.82,0.0145,0.01771,0.816,0.2085,sharp
2026-09-21T01:30:08+00:00,BTC-USDT,1H,1789948800000,81605.0,1.240023,4.2,8.45,0.0058,0.01771,0.327,0.1546,sharp
2026-09-21T01:30:08+00:00,BTC-USDT,4H,1789934400000,81179.6,1.153105,5.04,9.82,0.016,0.01771,0.904,0.2131,normal
2026-09-21T01:30:08+00:00,BTC-USDT,1D,1789833600000,80917.5,1.170468,4.82,10.31,0.0019,0.01771,0.109,0.2818,sharp
2026-09-21T07:04:48+00:00,BTC-USDT,5m,1789973700000,81639.0,1.248059,4.15,9.05,0.0055,0.01771,0.313,0.0973,sharp
2026-09-21T07:04:48+00:00,BTC-USDT,15m,1789973100000,81639.0,1.268771,4.02,7.67,0.0171,0.01771,0.964,0.0642,sharp
2026-09-21T07:04:48+00:00,BTC-USDT,1H,1789970400000,81639.0,1.244289,4.17,8.2,0.0146,0.01771,0.826,0.045,sharp
2026-09-21T07:04:48+00:00,BTC-USDT,4H,1789948800000,81444.6,1.15206,5.06,9.94,0.023,0.01771,1.298,0.2103,normal
2026-09-21T07:04:48+00:00,BTC-USDT,1D,1789833600000,80917.5,1.170468,4.82,10.31,0.0019,0.01771,0.109,0.2818,sharp
2026-09-21T14:29:28+00:00,BTC-USDT,5m,1790000400000,85718.9,1.246941,4.16,9.51,0.0001,0.01771,0.008,0.234,sharp
2026-09-21T14:29:28+00:00,BTC-USDT,15m,1789999200000,85324.0,1.163486,4.91,10.06,0.0249,0.01771,1.408,0.3781,sharp
2026-09-21T14:29:28+00:00,BTC-USDT,1H,1789995600000,85471.5,1.125223,5.5,11.3,0.027,0.01771,1.527,0.3458,normal
2026-09-21T14:29:28+00:00,BTC-USDT,4H,1789977600000,84884.9,1.152338,5.05,12.13,0.0654,0.01771,3.694,0.3169,normal
2026-09-21T14:29:28+00:00,BTC-USDT,1D,1789833600000,80917.5,1.170468,4.82,10.31,0.0019,0.01771,0.109,0.2818,sharp
2026-09-21T19:43:14+00:00,BTC-USDT,5m,1790019300000,86600.3,1.259476,4.08,9.43,0.0522,0.01771,2.949,0.139,sharp
2026-09-21T19:43:14+00:00,BTC-USDT,15m,1790018100000,86371.7,1.16775,4.85,9.86,0.0252,0.01771,1.424,0.45,sharp
2026-09-21T19:43:14+00:00,BTC-USDT,1H,1790013600000,86063.7,1.121996,5.56,10.98,0.0031,0.01771,0.177,0.3996,normal
2026-09-21T19:43:14+00:00,BTC-USDT,4H,1789992000000,85931.7,1.139483,5.25,12.27,0.0375,0.01771,2.12,0.3725,normal
2026-09-21T19:43:14+00:00,BTC-USDT,1D,1789920000000,85931.7,1.178323,4.73,10.45,0.0348,0.01771,1.965,0.3592,sharp
2026-09-21T23:10:04+00:00,BTC-USDT,5m,1790031900000,86550.8,1.23286,4.25,8.62,0.0117,0.01771,0.658,0.1026,sharp
2026-09-21T23:10:04+00:00,BTC-USDT,15m,1790030700000,86449.8,1.200425,4.51,9.63,0.0229,0.01771,1.29,0.3954,sharp
2026-09-21T23:10:04+00:00,BTC-USDT,1H,1790028000000,86449.8,1.134729,5.33,10.8,0.0128,0.01771,0.722,0.3809,normal
2026-09-21T23:10:04+00:00,BTC-USDT,4H,1790006400000,86502.3,1.11828,5.64,12.24,0.0216,0.01771,1.221,0.3915,normal
2026-09-21T23:10:04+00:00,BTC-USDT,1D,1789920000000,85931.7,1.178323,4.73,10.45,0.0348,0.01771,1.965,0.3592,sharp
2026-09-22T01:46:32+00:00,BTC-USDT,5m,1790041200000,85685.6,1.270719,4.01,8.06,0.0113,0.01771,0.64,0.2209,sharp
2026-09-22T01:46:32+00:00,BTC-USDT,15m,1790040600000,85685.6,1.236538,4.23,8.04,0.0243,0.01771,1.37,0.1405,sharp
2026-09-22T01:46:32+00:00,BTC-USDT,1H,1790035200000,85903.6,1.145522,5.15,10.52,0.0461,0.01771,2.603,0.3173,normal
2026-09-22T01:46:32+00:00,BTC-USDT,4H,1790020800000,86617.8,1.111963,5.77,12.04,0.0054,0.01771,0.307,0.3932,normal
2026-09-22T01:46:32+00:00,BTC-USDT,1D,1789920000000,85931.7,1.178323,4.73,10.45,0.0348,0.01771,1.965,0.3592,sharp
2026-09-22T07:37:54+00:00,BTC-USDT,5m,1790062200000,85189.2,1.267999,4.03,7.74,0.0298,0.01771,1.681,0.1519,sharp
2026-09-22T07:37:54+00:00,BTC-USDT,15m,1790061300000,85316.3,1.223125,4.32,8.03,0.0265,0.01771,1.496,0.0791,sharp
2026-09-22T07:37:54+00:00,BTC-USDT,1H,1790056800000,85384.9,1.134757,5.33,10.63,0.0127,0.01771,0.718,0.2848,normal
2026-09-22T07:37:54+00:00,BTC-USDT,4H,1790035200000,85697.2,1.121768,5.57,11.81,0.0342,0.01771,1.932,0.3411,normal
2026-09-22T07:37:54+00:00,BTC-USDT,1D,1789920000000,85931.7,1.178323,4.73,10.45,0.0348,0.01771,1.965,0.3592,sharp
2026-09-22T13:20:35+00:00,BTC-USDT,5m,1790082900000,86002.0,1.215496,4.38,9.4,0.0077,0.01771,0.433,0.0953,sharp
2026-09-22T13:20:35+00:00,BTC-USDT,15m,1790082000000,86058.2,1.219621,4.35,8.39,0.0036,0.01771,0.201,0.0548,sharp
2026-09-22T13:20:35+00:00,BTC-USDT,1H,1790078400000,86030.6,1.151673,5.06,10.34,0.0336,0.01771,1.898,0.33,normal
2026-09-22T13:20:35+00:00,BTC-USDT,4H,1790064000000,85992.6,1.12809,5.44,11.43,0.0358,0.01771,2.019,0.3365,normal
2026-09-22T13:20:35+00:00,BTC-USDT,1D,1789920000000,85931.7,1.178323,4.73,10.45,0.0348,0.01771,1.965,0.3592,sharp
2026-09-22T17:43:56+00:00,BTC-USDT,5m,1790098500000,86463.0,1.271617,4.01,7.97,0.0229,0.01771,1.293,0.0833,sharp
2026-09-22T17:43:56+00:00,BTC-USDT,15m,1790097300000,86592.3,1.267557,4.03,8.06,0.0266,0.01771,1.504,0.0952,sharp
2026-09-22T17:43:56+00:00,BTC-USDT,1H,1790092800000,86422.1,1.14572,5.15,10.18,0.013,0.01771,0.736,0.4086,normal
2026-09-22T17:43:56+00:00,BTC-USDT,4H,1790078400000,86419.0,1.130925,5.39,11.56,0.0104,0.01771,0.589,0.3613,normal
2026-09-22T17:43:56+00:00,BTC-USDT,1D,1790006400000,86419.0,1.170677,4.82,10.25,0.0017,0.01771,0.093,0.3634,sharp
2026-09-22T21:11:00+00:00,BTC-USDT,5m,1790111100000,86239.4,1.263112,4.06,7.79,0.0033,0.01771,0.184,0.0161,sharp
2026-09-22T21:11:00+00:00,BTC-USDT,15m,1790109900000,86266.4,1.266581,4.04,8.0,0.0082,0.01771,0.465,0.1134,sharp
2026-09-22T21:11:00+00:00,BTC-USDT,1H,1790107200000,86266.4,1.146199,5.14,10.17,0.015,0.01771,0.845,0.396,normal
2026-09-22T21:11:00+00:00,BTC-USDT,4H,1790092800000,86201.2,1.130224,5.41,11.39,0.0059,0.01771,0.331,0.3458,normal
2026-09-22T21:11:00+00:00,BTC-USDT,1D,1790006400000,86419.0,1.170677,4.82,10.25,0.0017,0.01771,0.093,0.3634,sharp
2026-09-22T23:45:38+00:00,BTC-USDT,5m,1790120400000,86157.2,1.226488,4.3,8.76,0.0003,0.01771,0.017,0.1172,sharp
2026-09-22T23:45:38+00:00,BTC-USDT,15m,1790119800000,86157.2,1.305926,3.84,7.9,0.0127,0.01771,0.72,0.0079,sharp
2026-09-22T23:45:38+00:00,BTC-USDT,1H,1790114400000,86125.9,1.144481,5.17,10.38,0.0054,0.01771,0.302,0.3901,normal
2026-09-22T23:45:38+00:00,BTC-USDT,4H,1790092800000,86201.2,1.130224,5.41,11.39,0.0059,0.01771,0.331,0.3458,normal
2026-09-22T23:45:38+00:00,BTC-USDT,1D,1790006400000,86419.0,1.170677,4.82,10.25,0.0017,0.01771,0.093,0.3634,sharp
2026-09-23T04:31:54+00:00,BTC-USDT,5m,1790137500000,87015.0,1.210458,4.43,9.44,0.0044,0.01771,0.246,0.222,sharp
2026-09-23T04:31:54+00:00,BTC-USDT,15m,1790136900000,87015.0,1.29094,3.91,7.99,0.0085,0.01771,0.48,0.1493,sharp
2026-09-23T04:31:54+00:00,BTC-USDT,1H,1790132400000,86710.7,1.143654,5.18,10.28,0.0234,0.01771,1.32,0.3732,normal
2026-09-23T04:31:54+00:00,BTC-USDT,4H,1790121600000,86710.7,1.133036,5.36,11.2,0.034,0.01771,1.917,0.3664,normal
2026-09-23T04:31:54+00:00,BTC-USDT,1D,1790006400000,86419.0,1.170677,4.82,10.25,0.0017,0.01771,0.093,0.3634,sharp
2026-09-23T09:51:45+00:00,BTC-USDT,5m,1790156700000,85850.7,1.240062,4.2,8.86,0.0126,0.01771,0.713,0.3679,sharp
2026-09-23T09:51:45+00:00,BTC-USDT,15m,1790155800000,85806.7,1.264234,4.05,7.79,0.0173,0.01771,0.977,0.102,sharp
2026-09-23T09:51:45+00:00,BTC-USDT,1H,1790150400000,85912.7,1.154811,5.02,10.08,0.0303,0.01771,1.711,0.3226,normal
2026-09-23T09:51:45+00:00,BTC-USDT,4H,1790136000000,86133.3,1.13511,5.32,11.1,0.0357,0.01771,2.016,0.3541,normal
2026-09-23T09:51:45+00:00,BTC-USDT,1D,1790006400000,86419.0,1.170677,4.82,10.25,0.0017,0.01771,0.093,0.3634,sharp
2026-09-23T14:51:22+00:00,BTC-USDT,5m,1790174700000,84337.5,1.155245,5.01,11.09,0.0049,0.01771,0.277,0.2752,normal
2026-09-23T14:51:22+00:00,BTC-USDT,15m,1790173800000,84313.9,1.200176,4.52,9.42,0.0076,0.01771,0.43,0.2248,sharp
2026-09-23T14:51:22+00:00,BTC-USDT,1H,1790168400000,85798.0,1.13773,5.28,10.76,0.0097,0.01771,0.549,0.3075,normal
2026-09-23T14:51:22+00:00,BTC-USDT,4H,1790150400000,85658.7,1.135677,5.31,11.2,0.0252,0.01771,1.422,0.3215,normal
2026-09-23T14:51:22+00:00,BTC-USDT,1D,1790006400000,86419.0,1.170677,4.82,10.25,0.0017,0.01771,0.093,0.3634,sharp
2026-09-23T18:57:08+00:00,BTC-USDT,5m,1790189400000,84367.3,1.169135,4.84,11.02,0.0226,0.01771,1.278,0.2387,sharp
2026-09-23T18:57:08+00:00,BTC-USDT,15m,1790188200000,84222.4,1.222003,4.33,9.87,0.0064,0.01771,0.362,0.2731,sharp
2026-09-23T18:57:08+00:00,BTC-USDT,1H,1790182800000,84323.5,1.161352,4.93,10.65,0.011,0.01771,0.622,0.1648,sharp
2026-09-23T18:57:08+00:00,BTC-USDT,4H,1790164800000,84000.1,1.144325,5.17,11.66,0.0195,0.01771,1.1,0.2397,normal
2026-09-23T18:57:08+00:00,BTC-USDT,1D,1790092800000,84000.1,1.173077,4.79,10.17,0.0238,0.01771,1.342,0.3051,sharp
2026-09-23T22:12:24+00:00,BTC-USDT,5m,1790201100000,84604.0,1.252053,4.12,8.35,0.0008,0.01771,0.045,0.248,sharp
2026-09-23T22:12:24+00:00,BTC-USDT,15m,1790199900000,84422.1,1.216812,4.37,10.39,0.0154,0.01771,0.87,0.2313,sharp
2026-09-23T22:12:24+00:00,BTC-USDT,1H,1790197200000,84422.1,1.201752,4.5,9.3,0.0112,0.01771,0.63,0.0007,sharp
2026-09-23T22:12:24+00:00,BTC-USDT,4H,1790179200000,84510.4,1.14316,5.19,11.48,0.0061,0.01771,0.345,0.2731,normal
2026-09-23T22:12:24+00:00,BTC-USDT,1D,1790092800000,84000.1,1.173077,4.79,10.17,0.0238,0.01771,1.342,0.3051,sharp
2026-09-24T00:48:51+00:00,BTC-USDT,5m,1790210400000,84348.5,1.24695,4.16,8.56,0.0281,0.01771,1.588,0.0678,sharp
2026-09-24T00:48:51+00:00,BTC-USDT,15m,1790209800000,84348.5,1.209708,4.43,10.63,0.002,0.01771,0.111,0.1894,sharp
2026-09-24T00:48:51+00:00,BTC-USDT,1H,1790204400000,84399.5,1.204131,4.48,9.03,0.023,0.01771,1.297,0.0698,sharp
2026-09-24T00:48:51+00:00,BTC-USDT,4H,1790193600000,84399.5,1.136997,5.29,11.32,0.0168,0.01771,0.947,0.2479,normal
2026-09-24T00:48:51+00:00,BTC-USDT,1D,1790092800000,84000.1,1.173077,4.79,10.17,0.0238,0.01771,1.342,0.3051,sharp
2026-09-24T06:01:51+00:00,BTC-USDT,5m,1790229300000,83969.1,1.242478,4.19,8.47,0.0225,0.01771,1.27,0.0718,sharp
2026-09-24T06:01:51+00:00,BTC-USDT,15m,1790228700000,83969.1,1.2781,3.97,9.09,0.0055,0.01771,0.313,0.1114,sharp
2026-09-24T06:01:51+00:00,BTC-USDT,1H,1790226000000,83969.1,1.218021,4.36,8.5,0.0277,0.01771,1.562,0.156,sharp
2026-09-24T06:01:51+00:00,BTC-USDT,4H,1790208000000,83936.9,1.137487,5.28,11.39,0.0137,0.01771,0.772,0.2191,normal
2026-09-24T06:01:51+00:00,BTC-USDT,1D,1790092800000,84000.1,1.173077,4.79,10.17,0.0238,0.01771,1.342,0.3051,sharp
2026-09-24T12:07:19+00:00,BTC-USDT,5m,1790251200000,83397.6,1.198791,4.53,9.12,0.0187,0.01771,1.057,0.1381,sharp
2026-09-24T12:07:19+00:00,BTC-USDT,15m,1790250300000,83490.2,1.19359,4.58,9.83,0.003,0.01771,0.168,0.1564,sharp
2026-09-24T12:07:19+00:00,BTC-USDT,1H,1790247600000,83490.2,1.222572,4.33,8.39,0.015,0.01771,0.845,0.1834,sharp
2026-09-24T12:07:19+00:00,BTC-USDT,4H,1790236800000,83490.2,1.142385,5.2,10.94,0.0444,0.01771,2.506,0.1732,normal
2026-09-24T12:07:19+00:00,BTC-USDT,1D,1790092800000,84000.1,1.173077,4.79,10.17,0.0238,0.01771,1.342,0.3051,sharp
2026-09-24T17:30:02+00:00,BTC-USDT,5m,1790270700000,84331.5,1.212532,4.41,8.78,0.0127,0.01771,0.719,0.133,sharp
2026-09-24T17:30:02+00:00,BTC-USDT,15m,1790270100000,84331.5,1.219969,4.35,10.4,0.0204,0.01771,1.153,0.0002,sharp
2026-09-24T17:30:02+00:00,BTC-USDT,1H,1790265600000,84494.7,1.234092,4.24,8.13,0.0064,0.01771,0.362,0.0627,sharp
2026-09-24T17:30:02+00:00,BTC-USDT,4H,1790251200000,84419.6,1.149112,5.1,10.84,0.0513,0.01771,2.896,0.1878,normal
2026-09-24T17:30:02+00:00,BTC-USDT,1D,1790179200000,84419.6,1.175203,4.77,9.9,0.0171,0.01771,0.967,0.3141,sharp
2026-09-24T20:44:51+00:00,BTC-USDT,5m,1790282100000,84380.7,1.263907,4.05,7.45,0.03,0.01771,1.693,0.009,sharp
2026-09-24T20:44:51+00:00,BTC-USDT,15m,1790280900000,84275.0,1.219201,4.36,10.71,0.0259,0.01771,1.465,0.0092,sharp
2026-09-24T20:44:51+00:00,BTC-USDT,1H,1790276400000,84402.0,1.240439,4.2,7.73,0.0073,0.01771,0.415,0.125,sharp
2026-09-24T20:44:51+00:00,BTC-USDT,4H,1790265600000,84402.0,1.149098,5.1,10.54,0.0169,0.01771,0.955,0.2209,normal
2026-09-24T20:44:51+00:00,BTC-USDT,1D,1790179200000,84419.6,1.175203,4.77,9.9,0.0171,0.01771,0.967,0.3141,sharp
2026-09-24T23:50:48+00:00,BTC-USDT,5m,1790293500000,84406.2,1.238515,4.21,7.59,0.0074,0.01771,0.416,0.012,sharp
2026-09-24T23:50:48+00:00,BTC-USDT,15m,1790292600000,84405.9,1.231523,4.26,10.55,0.0195,0.01771,1.101,0.0959,sharp
2026-09-24T23:50:48+00:00,BTC-USDT,1H,1790287200000,84278.4,1.23662,4.23,8.01,0.0065,0.01771,0.365,0.1213,sharp
2026-09-24T23:50:48+00:00,BTC-USDT,4H,1790265600000,84402.0,1.149098,5.1,10.54,0.0169,0.01771,0.955,0.2209,normal
2026-09-24T23:50:48+00:00,BTC-USDT,1D,1790179200000,84419.6,1.175203,4.77,9.9,0.0171,0.01771,0.967,0.3141,sharp
2026-09-25T04:40:53+00:00,BTC-USDT,5m,1790310900000,84245.0,1.224913,4.31,8.11,0.0126,0.01771,0.713,0.0433,sharp
2026-09-25T04:40:53+00:00,BTC-USDT,15m,1790309700000,84133.9,1.253263,4.12,9.48,0.0178,0.01771,1.006,0.0235,sharp
2026-09-25T04:40:53+00:00,BTC-USDT,1H,1790305200000,84239.7,1.239884,4.2,8.09,0.009,0.01771,0.506,0.1533,sharp
2026-09-25T04:40:53+00:00,BTC-USDT,4H,1790294400000,84239.7,1.147139,5.13,10.65,0.0065,0.01771,0.366,0.2706,normal
2026-09-25T04:40:53+00:00,BTC-USDT,1D,1790179200000,84419.6,1.175203,4.77,9.9,0.0171,0.01771,0.967,0.3141,sharp
2026-09-25T10:07:10+00:00,BTC-USDT,5m,1790330400000,84419.0,1.249723,4.14,8.89,0.0089,0.01771,0.502,0.0515,sharp
2026-09-25T10:07:10+00:00,BTC-USDT,15m,1790329500000,84569.2,1.259525,4.08,7.63,0.0169,0.01771,0.955,0.0038,sharp
2026-09-25T10:07:10+00:00,BTC-USDT,1H,1790326800000,84569.2,1.240073,4.2,8.24,0.0039,0.01771,0.219,0.1094,sharp
2026-09-25T10:07:10+00:00,BTC-USDT,4H,1790308800000,84037.3,1.148595,5.11,10.8,0.0075,0.01771,0.422,0.2615,normal
2026-09-25T10:07:10+00:00,BTC-USDT,1D,1790179200000,84419.6,1.175203,4.77,9.9,0.0171,0.01771,0.967,0.3141,sharp
2026-09-25T15:28:37+00:00,BTC-USDT,5m,1790349600000,83876.6,1.24639,4.16,9.34,0.0171,0.01771,0.966,0.1235,sharp
2026-09-25T15:28:37+00:00,BTC-USDT,15m,1790348400000,83999.9,1.245108,4.17,8.67,0.0075,0.01771,0.425,0.0884,sharp
2026-09-25T15:28:37+00:00,BTC-USDT,1H,1790344800000,84013.0,1.243647,4.18,8.25,0.0159,0.01771,0.897,0.1863,sharp
2026-09-25T15:28:37+00:00,BTC-USDT,4H,1790323200000,84580.7,1.1522,5.06,10.54,0.0309,0.01771,1.748,0.2955,normal
2026-09-25T15:28:37+00:00,BTC-USDT,1D,1790179200000,84419.6,1.175203,4.77,9.9,0.0171,0.01771,0.967,0.3141,sharp
2026-09-25T19:30:32+00:00,BTC-USDT,5m,1790364300000,84010.4,1.240827,4.2,7.83,0.0071,0.01771,0.401,0.0289,sharp
2026-09-25T19:30:32+00:00,BTC-USDT,15m,1790363700000,84010.4,1.263379,4.06,8.51,0.0033,0.01771,0.185,0.0343,sharp
2026-09-25T19:30:32+00:00,BTC-USDT,1H,1790359200000,83966.6,1.235034,4.24,8.42,0.0254,0.01771,1.436,0.161,sharp
2026-09-25T19:30:32+00:00,BTC-USDT,4H,1790337600000,83800.0,1.155778,5.01,10.23,0.005,0.01771,0.285,0.2741,normal
2026-09-25T19:30:32+00:00,BTC-USDT,1D,1790265600000,83800.0,1.175433,4.77,9.84,0.0107,0.01771,0.605,0.3145,sharp
2026-09-25T22:46:40+00:00,BTC-USDT,5m,1790376000000,84081.3,1.216933,4.37,8.93,0.0189,0.01771,1.067,0.1108,sharp
2026-09-25T22:46:40+00:00,BTC-USDT,15m,1790375400000,84081.3,1.267522,4.03,8.73,0.0084,0.01771,0.473,0.0056,sharp
2026-09-25T22:46:40+00:00,BTC-USDT,1H,1790370000000,83800.5,1.236602,4.23,8.52,0.0105,0.01771,0.593,0.1586,sharp
2026-09-25T22:46:40+00:00,BTC-USDT,4H,1790352000000,84013.2,1.153913,5.03,10.12,0.0013,0.01771,0.073,0.3049,normal
2026-09-25T22:46:40+00:00,BTC-USDT,1D,1790265600000,83800.0,1.175433,4.77,9.84,0.0107,0.01771,0.605,0.3145,sharp
2026-09-26T01:25:12+00:00,BTC-USDT,5m,1790385600000,83954.8,1.2114,4.42,8.87,0.005,0.01771,0.285,0.0476,sharp
2026-09-26T01:25:12+00:00,BTC-USDT,15m,1790384400000,83942.5,1.255084,4.11,9.39,0.0045,0.01771,0.254,0.1158,sharp
2026-09-26T01:25:12+00:00,BTC-USDT,1H,1790380800000,83911.5,1.258376,4.09,8.77,0.0192,0.01771,1.082,0.1433,sharp
2026-09-26T01:25:12+00:00,BTC-USDT,4H,1790366400000,84099.0,1.153525,5.04,10.16,0.005,0.01771,0.282,0.3026,normal
2026-09-26T01:25:12+00:00,BTC-USDT,1D,1790265600000,83800.0,1.175433,4.77,9.84,0.0107,0.01771,0.605,0.3145,sharp
2026-09-26T06:34:03+00:00,BTC-USDT,5m,1790403900000,83944.5,1.28672,3.93,8.04,0.015,0.01771,0.844,0.0109,sharp
2026-09-26T06:34:03+00:00,BTC-USDT,15m,1790403300000,83944.5,1.260059,4.08,8.43,0.0202,0.01771,1.143,0.1087,sharp
2026-09-26T06:34:03+00:00,BTC-USDT,1H,1790398800000,83932.0,1.263455,4.06,8.04,0.018,0.01771,1.014,0.0342,sharp
2026-09-26T06:34:03+00:00,BTC-USDT,4H,1790380800000,83944.0,1.15385,5.03,10.25,0.0224,0.01771,1.264,0.2973,normal
2026-09-26T06:34:03+00:00,BTC-USDT,1D,1790265600000,83800.0,1.175433,4.77,9.84,0.0107,0.01771,0.605,0.3145,sharp
2026-09-26T12:10:24+00:00,BTC-USDT,5m,1790424300000,84146.5,1.158275,4.97,10.1,0.0153,0.01771,0.867,0.0963,sharp
2026-09-26T12:10:24+00:00,BTC-USDT,15m,1790423100000,84171.9,1.233468,4.25,8.25,0.023,0.01771,1.299,0.1705,sharp
2026-09-26T12:10:24+00:00,BTC-USDT,1H,1790420400000,84171.9,1.26006,4.08,8.12,0.0136,0.01771,0.768,0.013,sharp
2026-09-26T12:10:24+00:00,BTC-USDT,4H,1790409600000,84171.9,1.150095,5.09,10.64,0.009,0.01771,0.511,0.3131,normal
2026-09-26T12:10:24+00:00,BTC-USDT,1D,1790265600000,83800.0,1.175433,4.77,9.84,0.0107,0.01771,0.605,0.3145,sharp
2026-09-26T16:40:03+00:00,BTC-USDT,5m,1790440500000,84151.6,1.230061,4.27,8.17,0.0086,0.01771,0.485,0.0253,sharp
2026-09-26T16:40:03+00:00,BTC-USDT,15m,1790439300000,84109.0,1.229196,4.28,9.18,0.0214,0.01771,1.207,0.0253,sharp
2026-09-26T16:40:03+00:00,BTC-USDT,1H,1790434800000,84156.2,1.248217,4.15,8.76,0.0187,0.01771,1.055,0.01,sharp
2026-09-26T16:40:03+00:00,BTC-USDT,4H,1790424000000,84156.2,1.149417,5.1,10.67,0.006,0.01771,0.338,0.3051,normal
2026-09-26T16:40:03+00:00,BTC-USDT,1D,1790352000000,84156.2,1.176536,4.75,9.79,0.006,0.01771,0.339,0.3178,sharp
2026-09-26T19:40:18+00:00,BTC-USDT,5m,1790451300000,83988.8,1.232788,4.25,8.88,0.0391,0.01771,2.206,0.0303,sharp
2026-09-26T19:40:18+00:00,BTC-USDT,15m,1790450100000,84049.0,1.204257,4.48,10.53,0.0104,0.01771,0.585,0.0272,sharp
2026-09-26T19:40:18+00:00,BTC-USDT,1H,1790445600000,83999.0,1.250318,4.14,9.12,0.0195,0.01771,1.104,0.0525,sharp
2026-09-26T19:40:18+00:00,BTC-USDT,4H,1790424000000,84156.2,1.149417,5.1,10.67,0.006,0.01771,0.338,0.3051,normal
2026-09-26T19:40:18+00:00,BTC-USDT,1D,1790352000000,84156.2,1.176536,4.75,9.79,0.006,0.01771,0.339,0.3178,sharp
2026-09-26T22:38:10+00:00,BTC-USDT,5m,1790461800000,84300.6,1.222838,4.33,10.4,0.0294,0.01771,1.662,0.1061,sharp
2026-09-26T22:38:10+00:00,BTC-USDT,15m,1790460900000,84349.7,1.226307,4.3,10.91,0.0254,0.01771,1.436,0.1157,sharp
2026-09-26T22:38:10+00:00,BTC-USDT,1H,1790456400000,84158.5,1.238846,4.21,8.78,0.0148,0.01771,0.834,0.0739,sharp
2026-09-26T22:38:10+00:00,BTC-USDT,4H,1790438400000,84025.4,1.149523,5.09,10.68,0.0148,0.01771,0.834,0.2952,normal
2026-09-26T22:38:10+00:00,BTC-USDT,1D,1790352000000,84156.2,1.176536,4.75,9.79,0.006,0.01771,0.339,0.3178,sharp
2026-09-27T01:17:22+00:00,BTC-USDT,5m,1790471400000,84387.0,1.242652,4.19,9.39,0.0188,0.01771,1.062,0.1499,sharp
2026-09-27T01:17:22+00:00,BTC-USDT,15m,1790470800000,84387.0,1.242104,4.19,9.53,0.0222,0.01771,1.254,0.0935,sharp
2026-09-27T01:17:22+00:00,BTC-USDT,1H,1790467200000,84301.5,1.251039,4.13,8.96,0.0158,0.01771,0.891,0.0054,sharp
2026-09-27T01:17:22+00:00,BTC-USDT,4H,1790452800000,84439.9,1.15081,5.08,10.56,0.0145,0.01771,0.819,0.2998,normal
2026-09-27T01:17:22+00:00,BTC-USDT,1D,1790352000000,84156.2,1.176536,4.75,9.79,0.006,0.01771,0.339,0.3178,sharp
2026-09-27T07:01:25+00:00,BTC-USDT,5m,1790492100000,84517.6,1.239864,4.2,8.87,0.0336,0.01771,1.896,0.0394,sharp
2026-09-27T07:01:25+00:00,BTC-USDT,15m,1790491500000,84517.6,1.276885,3.98,7.41,0.0023,0.01771,0.129,0.1217,sharp
2026-09-27T07:01:25+00:00,BTC-USDT,1H,1790488800000,84517.6,1.239474,4.21,8.48,0.0107,0.01771,0.605,0.0174,sharp
2026-09-27T07:01:25+00:00,BTC-USDT,4H,1790467200000,84393.8,1.150806,5.08,10.39,0.0028,0.01771,0.161,0.2971,normal
2026-09-27T07:01:25+00:00,BTC-USDT,1D,1790352000000,84156.2,1.176536,4.75,9.79,0.006,0.01771,0.339,0.3178,sharp
2026-09-27T13:14:36+00:00,BTC-USDT,5m,1790514300000,84759.3,1.243025,4.18,7.66,0.0118,0.01771,0.664,0.0208,sharp
2026-09-27T13:14:36+00:00,BTC-USDT,15m,1790513100000,84787.4,1.280911,3.96,7.22,0.0239,0.01771,1.349,0.1239,sharp
2026-09-27T13:14:36+00:00,BTC-USDT,1H,1790510400000,84787.4,1.234732,4.24,8.26,0.0135,0.01771,0.76,0.0256,sharp
2026-09-27T13:14:36+00:00,BTC-USDT,4H,1790496000000,84891.9,1.151265,5.07,10.41,0.0115,0.01771,0.648,0.3017,normal
2026-09-27T13:14:36+00:00,BTC-USDT,1D,1790352000000,84156.2,1.176536,4.75,9.79,0.006,0.01771,0.339,0.3178,sharp
2026-09-27T17:54:58+00:00,BTC-USDT,5m,1790531100000,84572.5,1.276005,3.98,7.8,0.0419,0.01771,2.363,0.1023,sharp
2026-09-27T17:54:58+00:00,BTC-USDT,15m,1790530200000,84486.3,1.276115,3.98,7.36,0.0031,0.01771,0.173,0.0077,sharp
2026-09-27T17:54:58+00:00,BTC-USDT,1H,1790524800000,84438.2,1.229897,4.27,8.02,0.0132,0.01771,0.748,0.0334,sharp
2026-09-27T17:54:58+00:00,BTC-USDT,4H,1790510400000,84464.7,1.153297,5.04,10.24,0.0085,0.01771,0.481,0.2904,normal
2026-09-27T17:54:58+00:00,BTC-USDT,1D,1790438400000,84464.7,1.175666,4.76,10.14,0.0302,0.01771,1.703,0.3129,sharp
2026-09-27T21:14:51+00:00,BTC-USDT,5m,1790543100000,84633.3,1.256745,4.1,7.76,0.0044,0.01771,0.25,0.0321,sharp
2026-09-27T21:14:51+00:00,BTC-USDT,15m,1790541900000,84553.0,1.263884,4.05,7.52,0.0134,0.01771,0.755,0.0094,sharp
2026-09-27T21:14:51+00:00,BTC-USDT,1H,1790539200000,84553.0,1.244556,4.17,7.81,0.0349,0.01771,1.971,0.0023,sharp
2026-09-27T21:14:51+00:00,BTC-USDT,4H,1790524800000,84739.0,1.158045,4.98,10.31,0.016,0.01771,0.901,0.3056,sharp
2026-09-27T21:14:51+00:00,BTC-USDT,1D,1790438400000,84464.7,1.175666,4.76,10.14,0.0302,0.01771,1.703,0.3129,sharp
2026-09-27T23:54:10+00:00,BTC-USDT,5m,1790552700000,84462.9,1.253902,4.11,8.56,0.0072,0.01771,0.405,0.0903,sharp
2026-09-27T23:54:10+00:00,BTC-USDT,15m,1790551800000,84335.7,1.279929,3.96,7.09,0.006,0.01771,0.341,0.0767,sharp
2026-09-27T23:54:10+00:00,BTC-USDT,1H,1790546400000,84195.5,1.259174,4.08,7.81,0.0143,0.01771,0.806,0.0513,sharp
2026-09-27T23:54:10+00:00,BTC-USDT,4H,1790524800000,84739.0,1.158045,4.98,10.31,0.016,0.01771,0.901,0.3056,sharp
2026-09-27T23:54:10+00:00,BTC-USDT,1D,1790438400000,84464.7,1.175666,4.76,10.14,0.0302,0.01771,1.703,0.3129,sharp
2026-09-28T05:07:18+00:00,BTC-USDT,5m,1790571600000,83392.7,1.243901,4.18,10.35,0.0305,0.01771,1.722,0.2267,sharp
2026-09-28T05:07:18+00:00,BTC-USDT,15m,1790570700000,83492.1,1.248525,4.15,7.28,0.0208,0.01771,1.174,0.226,sharp
2026-09-28T05:07:18+00:00,BTC-USDT,1H,1790568000000,83492.1,1.242651,4.19,7.82,0.0028,0.01771,0.158,0.0362,sharp
2026-09-28T05:07:18+00:00,BTC-USDT,4H,1790553600000,83350.9,1.174393,4.78,10.18,0.0375,0.01771,2.119,0.2038,sharp
2026-09-28T05:07:18+00:00,BTC-USDT,1D,1790438400000,84464.7,1.175666,4.76,10.14,0.0302,0.01771,1.703,0.3129,sharp
2026-09-28T11:55:48+00:00,BTC-USDT,5m,1790596200000,82987.4,1.286292,3.93,7.16,0.0211,0.01771,1.191,0.047,sharp
2026-09-28T11:55:48+00:00,BTC-USDT,15m,1790595000000,83080.7,1.247121,4.16,7.89,0.0084,0.01771,0.476,0.2217,sharp
2026-09-28T11:55:48+00:00,BTC-USDT,1H,1790589600000,82958.3,1.23898,4.21,7.6,0.0371,0.01771,2.097,0.1359,sharp
2026-09-28T11:55:48+00:00,BTC-USDT,4H,1790568000000,82973.6,1.18277,4.69,10.32,0.0504,0.01771,2.847,0.1796,sharp
2026-09-28T11:55:48+00:00,BTC-USDT,1D,1790438400000,84464.7,1.175666,4.76,10.14,0.0302,0.01771,1.703,0.3129,sharp
2026-09-28T19:35:23+00:00,BTC-USDT,5m,1790623800000,83532.8,1.226022,4.3,9.51,0.0165,0.01771,0.931,0.0201,sharp
2026-09-28T19:35:23+00:00,BTC-USDT,15m,1790622900000,83641.4,1.233482,4.25,8.38,0.0092,0.01771,0.522,0.0188,sharp
2026-09-28T19:35:23+00:00,BTC-USDT,1H,1790618400000,84038.2,1.242952,4.18,8.23,0.0057,0.01771,0.319,0.0089,sharp
2026-09-28T19:35:23+00:00,BTC-USDT,4H,1790596800000,83371.1,1.168608,4.84,9.76,0.0231,0.01771,1.303,0.0878,sharp
2026-09-28T19:35:23+00:00,BTC-USDT,1D,1790524800000,83371.1,1.171961,4.8,10.15,0.0215,0.01771,1.215,0.3322,sharp
2026-09-29T00:19:07+00:00,BTC-USDT,5m,1790640600000,83524.2,1.175497,4.76,9.9,0.0197,0.01771,1.111,0.0764,sharp
2026-09-29T00:19:07+00:00,BTC-USDT,15m,1790640000000,83524.2,1.231524,4.26,8.27,0.0219,0.01771,1.237,0.0893,sharp
2026-09-29T00:19:07+00:00,BTC-USDT,1H,1790636400000,83500.1,1.258896,4.08,7.8,0.0038,0.01771,0.215,0.0509,sharp
2026-09-29T00:19:07+00:00,BTC-USDT,4H,1790625600000,83500.1,1.167147,4.86,9.92,0.0063,0.01771,0.353,0.0979,sharp
2026-09-29T00:19:07+00:00,BTC-USDT,1D,1790524800000,83371.1,1.171961,4.8,10.15,0.0215,0.01771,1.215,0.3322,sharp
2026-09-29T06:03:55+00:00,BTC-USDT,5m,1790661300000,83434.3,1.260189,4.07,8.55,0.0247,0.01771,1.395,0.0727,sharp
2026-09-29T06:03:55+00:00,BTC-USDT,15m,1790660700000,83434.3,1.228627,4.28,8.76,0.002,0.01771,0.115,0.0644,sharp
2026-09-29T06:03:55+00:00,BTC-USDT,1H,1790658000000,83434.3,1.261423,4.07,8.01,0.0141,0.01771,0.798,0.05,sharp
2026-09-29T06:03:55+00:00,BTC-USDT,4H,1790640000000,83077.9,1.169712,4.83,9.84,0.0243,0.01771,1.37,0.0807,sharp
2026-09-29T06:03:55+00:00,BTC-USDT,1D,1790524800000,83371.1,1.171961,4.8,10.15,0.0215,0.01771,1.215,0.3322,sharp
2026-09-29T13:15:27+00:00,BTC-USDT,5m,1790687400000,84402.4,1.221514,4.34,8.15,0.0323,0.01771,1.822,0.0917,sharp
2026-09-29T13:15:27+00:00,BTC-USDT,15m,1790686800000,84402.4,1.213623,4.4,9.24,0.0145,0.01771,0.82,0.2093,sharp
2026-09-29T13:15:27+00:00,BTC-USDT,1H,1790683200000,84329.3,1.256233,4.1,7.63,0.0014,0.01771,0.079,0.0131,sharp
2026-09-29T13:15:27+00:00,BTC-USDT,4H,1790668800000,84350.6,1.174567,4.78,9.7,0.0245,0.01771,1.385,0.1069,sharp
2026-09-29T13:15:27+00:00,BTC-USDT,1D,1790524800000,83371.1,1.171961,4.8,10.15,0.0215,0.01771,1.215,0.3322,sharp
2026-09-29T18:49:43+00:00,BTC-USDT,5m,1790707200000,83637.1,1.220854,4.34,8.73,0.0131,0.01771,0.739,0.1202,sharp
2026-09-29T18:49:43+00:00,BTC-USDT,15m,1790706600000,83637.1,1.195161,4.56,9.02,0.0138,0.01771,0.782,0.0906,sharp
2026-09-29T18:49:43+00:00,BTC-USDT,1H,1790701200000,83087.9,1.247507,4.15,7.82,0.0146,0.01771,0.823,0.1089,sharp
2026-09-29T18:49:43+00:00,BTC-USDT,4H,1790683200000,83079.0,1.185156,4.66,9.54,0.0245,0.01771,1.383,0.0652,sharp
2026-09-29T18:49:43+00:00,BTC-USDT,1D,1790611200000,83079.0,1.171802,4.81,10.07,0.0069,0.01771,0.392,0.323,sharp
2026-09-29T22:55:05+00:00,BTC-USDT,5m,1790722200000,83617.8,1.234642,4.24,7.8,0.0195,0.01771,1.099,0.2115,sharp
2026-09-29T22:55:05+00:00,BTC-USDT,15m,1790721000000,83605.0,1.221547,4.34,8.03,0.0075,0.01771,0.423,0.0614,sharp
2026-09-29T22:55:05+00:00,BTC-USDT,1H,1790715600000,83508.8,1.254222,4.11,7.83,0.0091,0.01771,0.515,0.1024,sharp
2026-09-29T22:55:05+00:00,BTC-USDT,4H,1790697600000,83603.8,1.189065,4.62,9.31,0.0386,0.01771,2.18,0.0875,sharp
2026-09-29T22:55:05+00:00,BTC-USDT,1D,1790611200000,83079.0,1.171802,4.81,10.07,0.0069,0.01771,0.392,0.323,sharp
2026-09-30T01:58:31+00:00,BTC-USDT,5m,1790733000000,83451.5,1.275133,3.99,7.54,0.0159,0.01771,0.898,0.0599,sharp
2026-09-30T01:58:31+00:00,BTC-USDT,15m,1790731800000,83447.4,1.207962,4.45,8.2,0.0028,0.01771,0.157,0.1052,sharp
2026-09-30T01:58:31+00:00,BTC-USDT,1H,1790726400000,83450.3,1.256323,4.1,8.07,0.0094,0.01771,0.532,0.1182,sharp
2026-09-30T01:58:31+00:00,BTC-USDT,4H,1790712000000,83657.5,1.182774,4.69,9.24,0.0089,0.01771,0.5,0.1219,sharp
2026-09-30T01:58:31+00:00,BTC-USDT,1D,1790611200000,83079.0,1.171802,4.81,10.07,0.0069,0.01771,0.392,0.323,sharp
2026-09-30T08:23:16+00:00,BTC-USDT,5m,1790756100000,83202.6,1.23428,4.24,7.59,0.0047,0.01771,0.266,0.0226,sharp
2026-09-30T08:23:16+00:00,BTC-USDT,15m,1790755200000,83125.8,1.249407,4.14,8.82,0.0155,0.01771,0.873,0.0121,sharp
2026-09-30T08:23:16+00:00,BTC-USDT,1H,1790751600000,83307.2,1.254009,4.11,7.87,0.0065,0.01771,0.367,0.095,sharp
2026-09-30T08:23:16+00:00,BTC-USDT,4H,1790740800000,83307.2,1.184596,4.67,9.21,0.0147,0.01771,0.83,0.1087,sharp
2026-09-30T08:23:16+00:00,BTC-USDT,1D,1790611200000,83079.0,1.171802,4.81,10.07,0.0069,0.01771,0.392,0.323,sharp
2026-09-30T15:11:54+00:00,BTC-USDT,5m,1790780700000,83924.4,1.159912,4.95,9.8,0.0018,0.01771,0.099,0.0291,sharp
2026-09-30T15:11:54+00:00,BTC-USDT,15m,1790779500000,83800.5,1.145178,5.16,13.83,0.0268,0.01771,1.511,0.036,normal
2026-09-30T15:11:54+00:00,BTC-USDT,1H,1790776800000,83800.5,1.249612,4.14,8.62,0.0364,0.01771,2.055,0.0299,sharp
2026-09-30T15:11:54+00:00,BTC-USDT,4H,1790755200000,83914.8,1.187,4.64,9.1,0.0088,0.01771,0.499,0.1146,sharp
2026-09-30T15:11:54+00:00,BTC-USDT,1D,1790611200000,83079.0,1.171802,4.81,10.07,0.0069,0.01771,0.392,0.323,sharp
2026-09-30T20:15:41+00:00,BTC-USDT,5m,1790799000000,83657.0,1.25491,4.11,7.99,0.0322,0.01771,1.818,0.0408,sharp
2026-09-30T20:15:41+00:00,BTC-USDT,15m,1790798400000,83657.0,1.158957,4.97,11.06,0.0033,0.01771,0.186,0.0328,sharp
2026-09-30T20:15:41+00:00,BTC-USDT,1H,1790794800000,83594.1,1.253792,4.11,8.48,0.0025,0.01771,0.139,0.04,sharp
2026-09-30T20:15:41+00:00,BTC-USDT,4H,1790784000000,83594.1,1.192453,4.59,8.99,0.0258,0.01771,1.458,0.0907,sharp
2026-09-30T20:15:41+00:00,BTC-USDT,1D,1790697600000,84134.4,1.174714,4.77,9.95,0.0064,0.01771,0.362,0.3332,sharp
2026-10-01T00:07:49+00:00,BTC-USDT,5m,1790812800000,83535.0,1.269335,4.02,8.02,0.0033,0.01771,0.185,0.1046,sharp
2026-10-01T00:07:49+00:00,BTC-USDT,15m,1790811900000,83618.4,1.146806,5.13,11.77,0.0184,0.01771,1.04,0.0431,normal
2026-10-01T00:07:49+00:00,BTC-USDT,1H,1790809200000,83618.4,1.246882,4.16,8.66,0.0087,0.01771,0.489,0.0023,sharp
2026-10-01T00:07:49+00:00,BTC-USDT,4H,1790798400000,83618.4,1.211608,4.42,8.83,0.0086,0.01771,0.484,0.0824,sharp
2026-10-01T00:07:49+00:00,BTC-USDT,1D,1790697600000,84134.4,1.174714,4.77,9.95,0.0064,0.01771,0.362,0.3332,sharp
2026-10-01T06:26:21+00:00,BTC-USDT,5m,1790835600000,84343.7,1.245653,4.17,7.34,0.0213,0.01771,1.202,0.2562,sharp
2026-10-01T06:26:21+00:00,BTC-USDT,15m,1790834400000,84378.1,1.21793,4.37,7.63,0.0099,0.01771,0.56,0.1074,sharp
2026-10-01T06:26:21+00:00,BTC-USDT,1H,1790830800000,84300.2,1.234579,4.24,9.22,0.0398,0.01771,2.249,0.0187,sharp
2026-10-01T06:26:21+00:00,BTC-USDT,4H,1790812800000,83766.4,1.235621,4.23,9.0,0.0283,0.01771,1.597,0.0778,sharp
2026-10-01T06:26:21+00:00,BTC-USDT,1D,1790697600000,84134.4,1.174714,4.77,9.95,0.0064,0.01771,0.362,0.3332,sharp
2026-10-01T13:49:05+00:00,BTC-USDT,5m,1790862000000,83948.6,1.2074,4.45,10.61,0.0226,0.01771,1.277,0.1296,sharp
2026-10-01T13:49:05+00:00,BTC-USDT,15m,1790861400000,83948.6,1.181678,4.7,9.94,0.0332,0.01771,1.877,0.0457,sharp
2026-10-01T13:49:05+00:00,BTC-USDT,1H,1790856000000,83738.8,1.232447,4.26,9.62,0.0061,0.01771,0.347,0.0497,sharp
2026-10-01T13:49:05+00:00,BTC-USDT,4H,1790841600000,83914.0,1.272338,4.0,7.46,0.002,0.01771,0.114,0.0883,sharp
2026-10-01T13:49:05+00:00,BTC-USDT,1D,1790697600000,84134.4,1.174714,4.77,9.95,0.0064,0.01771,0.362,0.3332,sharp
2026-10-01T19:24:59+00:00,BTC-USDT,5m,1790882100000,84796.0,1.290741,3.91,7.04,0.0102,0.01771,0.577,0.1168,sharp
2026-10-01T19:24:59+00:00,BTC-USDT,15m,1790881200000,84792.6,1.208948,4.44,9.14,0.0103,0.01771,0.579,0.1288,sharp
2026-10-01T19:24:59+00:00,BTC-USDT,1H,1790877600000,84805.0,1.237823,4.22,9.36,0.0001,0.01771,0.008,0.0596,sharp
2026-10-01T19:24:59+00:00,BTC-USDT,4H,1790856000000,84167.9,1.269402,4.02,7.47,0.0049,0.01771,0.274,0.1036,sharp
2026-10-01T19:24:59+00:00,BTC-USDT,1D,1790784000000,84167.9,1.174318,4.78,9.82,0.0065,0.01771,0.366,0.3273,sharp
2026-10-01T23:23:04+00:00,BTC-USDT,5m,1790896500000,84767.8,1.263433,4.06,8.5,0.0386,0.01771,2.18,0.0325,sharp
2026-10-01T23:23:04+00:00,BTC-USDT,15m,1790895600000,84667.0,1.243099,4.18,8.47,0.0232,0.01771,1.312,0.198,sharp
2026-10-01T23:23:04+00:00,BTC-USDT,1H,1790892000000,84752.4,1.228988,4.28,10.18,0.0173,0.01771,0.975,0.0303,sharp
2026-10-01T23:23:04+00:00,BTC-USDT,4H,1790870400000,84681.9,1.27047,4.02,7.66,0.0386,0.01771,2.178,0.0845,sharp
2026-10-01T23:23:04+00:00,BTC-USDT,1D,1790784000000,84167.9,1.174318,4.78,9.82,0.0065,0.01771,0.366,0.3273,sharp
2026-10-02T02:31:07+00:00,BTC-USDT,5m,1790907900000,84930.0,1.226925,4.3,8.84,0.0213,0.01771,1.205,0.1335,sharp
2026-10-02T02:31:07+00:00,BTC-USDT,15m,1790907300000,84930.0,1.241951,4.19,8.52,0.0115,0.01771,0.649,0.1532,sharp
2026-10-02T02:31:07+00:00,BTC-USDT,1H,1790902800000,84908.9,1.239504,4.21,9.99,0.0399,0.01771,2.252,0.0886,sharp
2026-10-02T02:31:07+00:00,BTC-USDT,4H,1790884800000,84877.4,1.260679,4.07,7.56,0.0202,0.01771,1.14,0.0369,sharp
2026-10-02T02:31:07+00:00,BTC-USDT,1D,1790784000000,84167.9,1.174318,4.78,9.82,0.0065,0.01771,0.366,0.3273,sharp
2026-10-02T09:36:52+00:00,BTC-USDT,5m,1790933400000,86364.7,1.210768,4.42,8.75,0.0276,0.01771,1.561,0.0402,sharp
2026-10-02T09:36:52+00:00,BTC-USDT,15m,1790932500000,86207.0,1.145036,5.16,11.82,0.0197,0.01771,1.115,0.1803,normal
2026-10-02T09:36:52+00:00,BTC-USDT,1H,1790928000000,86240.4,1.229308,4.28,10.34,0.0024,0.01771,0.136,0.192,sharp
2026-10-02T09:36:52+00:00,BTC-USDT,4H,1790913600000,86098.6,1.253785,4.11,7.78,0.0035,0.01771,0.197,0.0047,sharp
2026-10-02T09:36:52+00:00,BTC-USDT,1D,1790784000000,84167.9,1.174318,4.78,9.82,0.0065,0.01771,0.366,0.3273,sharp
2026-10-02T16:12:13+00:00,BTC-USDT,5m,1790957100000,85286.1,1.267092,4.03,7.8,0.0226,0.01771,1.279,0.172,sharp
2026-10-02T16:12:13+00:00,BTC-USDT,15m,1790955900000,85330.1,1.157441,4.99,10.4,0.0032,0.01771,0.183,0.0779,sharp
2026-10-02T16:12:13+00:00,BTC-USDT,1H,1790953200000,85330.1,1.238689,4.21,10.27,0.033,0.01771,1.866,0.134,sharp
2026-10-02T16:12:13+00:00,BTC-USDT,4H,1790942400000,85330.1,1.254607,4.11,7.85,0.0244,0.01771,1.378,0.0376,sharp
2026-10-02T16:12:13+00:00,BTC-USDT,1D,1790870400000,85330.1,1.176653,4.75,9.7,0.0123,0.01771,0.697,0.3351,sharp
2026-10-02T20:53:54+00:00,BTC-USDT,5m,1790973900000,84364.5,1.242973,4.18,7.44,0.0056,0.01771,0.319,0.1695,sharp
2026-10-02T20:53:54+00:00,BTC-USDT,15m,1790973000000,84239.4,1.217244,4.37,9.25,0.0012,0.01771,0.07,0.2377,sharp
2026-10-02T20:53:54+00:00,BTC-USDT,1H,1790967600000,84303.8,1.218351,4.36,11.37,0.0267,0.01771,1.509,0.0774,sharp
2026-10-02T20:53:54+00:00,BTC-USDT,4H,1790956800000,84303.8,1.261998,4.06,8.11,0.0407,0.01771,2.296,0.0787,sharp
2026-10-02T20:53:54+00:00,BTC-USDT,1D,1790870400000,85330.1,1.176653,4.75,9.7,0.0123,0.01771,0.697,0.3351,sharp
2026-10-03T00:21:38+00:00,BTC-USDT,5m,1790986500000,84536.9,1.256064,4.1,8.49,0.0131,0.01771,0.742,0.1682,sharp
2026-10-03T00:21:38+00:00,BTC-USDT,15m,1790985600000,84521.5,1.206037,4.46,9.14,0.0169,0.01771,0.956,0.249,sharp
2026-10-03T00:21:38+00:00,BTC-USDT,1H,1790982000000,84518.9,1.211062,4.42,11.92,0.0314,0.01771,1.773,0.0548,sharp
2026-10-03T00:21:38+00:00,BTC-USDT,4H,1790971200000,84518.9,1.253425,4.12,8.1,0.0266,0.01771,1.5,0.0917,sharp
2026-10-03T00:21:38+00:00,BTC-USDT,1D,1790870400000,85330.1,1.176653,4.75,9.7,0.0123,0.01771,0.697,0.3351,sharp
2026-10-03T05:38:52+00:00,BTC-USDT,5m,1791005400000,84643.1,1.241303,4.19,8.16,0.0099,0.01771,0.561,0.0156,sharp
2026-10-03T05:38:52+00:00,BTC-USDT,15m,1791004500000,84627.3,1.194331,4.57,11.25,0.0483,0.01771,2.725,0.278,sharp
2026-10-03T05:38:52+00:00,BTC-USDT,1H,1791000000000,84583.0,1.188322,4.63,12.0,0.004,0.01771,0.227,0.0461,sharp
2026-10-03T05:38:52+00:00,BTC-USDT,4H,1790985600000,84700.0,1.263293,4.06,8.07,0.0232,0.01771,1.311,0.0609,sharp
2026-10-03T05:38:52+00:00,BTC-USDT,1D,1790870400000,85330.1,1.176653,4.75,9.7,0.0123,0.01771,0.697,0.3351,sharp
2026-10-03T11:30:55+00:00,BTC-USDT,5m,1791026700000,84639.8,1.246087,4.16,9.12,0.0082,0.01771,0.464,0.0139,sharp
2026-10-03T11:30:55+00:00,BTC-USDT,15m,1791026100000,84639.8,1.279342,3.97,8.25,0.0334,0.01771,1.884,0.1811,sharp
2026-10-03T11:30:55+00:00,BTC-USDT,1H,1791021600000,84629.8,1.183039,4.68,12.22,0.0152,0.01771,0.856,0.0876,sharp
2026-10-03T11:30:55+00:00,BTC-USDT,4H,1791000000000,84573.8,1.267198,4.03,8.04,0.0227,0.01771,1.279,0.0468,sharp
2026-10-03T11:30:55+00:00,BTC-USDT,1D,1790870400000,85330.1,1.176653,4.75,9.7,0.0123,0.01771,0.697,0.3351,sharp
2026-10-03T16:07:11+00:00,BTC-USDT,5m,1791043200000,84850.4,1.248135,4.15,8.4,0.0092,0.01771,0.52,0.1431,sharp
2026-10-03T16:07:11+00:00,BTC-USDT,15m,1791042300000,84864.3,1.279151,3.97,7.59,0.0315,0.01771,1.78,0.0921,sharp
2026-10-03T16:07:11+00:00,BTC-USDT,1H,1791039600000,84864.3,1.175022,4.77,12.3,0.0176,0.01771,0.996,0.0675,sharp
2026-10-03T16:07:11+00:00,BTC-USDT,4H,1791028800000,84864.3,1.261926,4.06,8.01,0.0131,0.01771,0.74,0.0166,sharp
2026-10-03T16:07:11+00:00,BTC-USDT,1D,1790956800000,84864.3,1.176611,4.75,9.49,0.0113,0.01771,0.637,0.3225,sharp
2026-10-03T19:21:05+00:00,BTC-USDT,5m,1791054900000,84865.0,1.265442,4.04,8.56,0.004,0.01771,0.228,0.0335,sharp
2026-10-03T19:21:05+00:00,BTC-USDT,15m,1791054000000,84862.0,1.247849,4.15,7.5,0.0322,0.01771,1.818,0.169,sharp
2026-10-03T19:21:05+00:00,BTC-USDT,1H,1791050400000,84944.3,1.162763,4.92,12.84,0.0222,0.01771,1.253,0.1463,sharp
2026-10-03T19:21:05+00:00,BTC-USDT,4H,1791028800000,84864.3,1.261926,4.06,8.01,0.0131,0.01771,0.74,0.0166,sharp
2026-10-03T19:21:05+00:00,BTC-USDT,1D,1790956800000,84864.3,1.176611,4.75,9.49,0.0113,0.01771,0.637,0.3225,sharp
2026-10-03T22:22:22+00:00,BTC-USDT,5m,1791065700000,84770.8,1.218575,4.36,9.2,0.0129,0.01771,0.729,0.1144,sharp
2026-10-03T22:22:22+00:00,BTC-USDT,15m,1791064800000,84792.0,1.243571,4.18,8.05,0.0387,0.01771,2.185,0.069,sharp
2026-10-03T22:22:22+00:00,BTC-USDT,1H,1791061200000,84717.2,1.158924,4.97,13.16,0.0033,0.01771,0.185,0.0749,sharp
2026-10-03T22:22:22+00:00,BTC-USDT,4H,1791043200000,84849.3,1.260995,4.07,8.03,0.0161,0.01771,0.911,0.0212,sharp
2026-10-03T22:22:22+00:00,BTC-USDT,1D,1790956800000,84864.3,1.176611,4.75,9.49,0.0113,0.01771,0.637,0.3225,sharp
2026-10-04T01:56:14+00:00,BTC-USDT,5m,1791078600000,84812.9,1.270343,4.02,8.48,0.0376,0.01771,2.123,0.0488,sharp
2026-10-04T01:56:14+00:00,BTC-USDT,15m,1791077400000,84790.9,1.235028,4.24,7.95,0.0081,0.01771,0.455,0.0763,sharp
2026-10-04T01:56:14+00:00,BTC-USDT,1H,1791072000000,84796.5,1.157261,4.99,13.59,0.0087,0.01771,0.49,0.089,sharp
2026-10-04T01:56:14+00:00,BTC-USDT,4H,1791057600000,84754.9,1.259175,4.08,8.27,0.0246,0.01771,1.388,0.0393,sharp
2026-10-04T01:56:14+00:00,BTC-USDT,1D,1790956800000,84864.3,1.176611,4.75,9.49,0.0113,0.01771,0.637,0.3225,sharp
2026-10-04T08:20:36+00:00,BTC-USDT,5m,1791101700000,85125.0,1.235348,4.24,8.25,0.0009,0.01771,0.05,0.2454,sharp
2026-10-04T08:20:36+00:00,BTC-USDT,15m,1791100800000,85146.8,1.245921,4.16,9.32,0.0124,0.01771,0.699,0.1395,sharp
2026-10-04T08:20:36+00:00,BTC-USDT,1H,1791097200000,85112.9,1.146138,5.14,14.37,0.0256,0.01771,1.447,0.055,normal
2026-10-04T08:20:36+00:00,BTC-USDT,4H,1791086400000,85112.9,1.249092,4.14,8.71,0.0139,0.01771,0.785,0.083,sharp
2026-10-04T08:20:36+00:00,BTC-USDT,1D,1790956800000,84864.3,1.176611,4.75,9.49,0.0113,0.01771,0.637,0.3225,sharp
2026-10-04T14:18:48+00:00,BTC-USDT,5m,1791123000000,85220.5,1.247132,4.16,8.38,0.0148,0.01771,0.833,0.0274,sharp
2026-10-04T14:18:48+00:00,BTC-USDT,15m,1791122400000,85220.5,1.266698,4.04,8.22,0.0284,0.01771,1.606,0.2249,sharp
2026-10-04T14:18:48+00:00,BTC-USDT,1H,1791118800000,85244.4,1.167347,4.86,14.39,0.0179,0.01771,1.012,0.0066,sharp
2026-10-04T14:18:48+00:00,BTC-USDT,4H,1791100800000,85311.7,1.241151,4.2,8.75,0.0112,0.01771,0.63,0.0474,sharp
2026-10-04T14:18:48+00:00,BTC-USDT,1D,1790956800000,84864.3,1.176611,4.75,9.49,0.0113,0.01771,0.637,0.3225,sharp
2026-10-04T18:18:39+00:00,BTC-USDT,5m,1791137400000,85332.0,1.28254,3.95,8.48,0.0082,0.01771,0.465,0.0753,sharp
2026-10-04T18:18:39+00:00,BTC-USDT,15m,1791136800000,85332.0,1.286097,3.93,7.5,0.0135,0.01771,0.76,0.1953,sharp
2026-10-04T18:18:39+00:00,BTC-USDT,1H,1791133200000,85316.4,1.128422,5.44,12.87,0.029,0.01771,1.64,0.1052,normal
2026-10-04T18:18:39+00:00,BTC-USDT,4H,1791115200000,85260.0,1.240373,4.2,8.65,0.0032,0.01771,0.181,0.0455,sharp
2026-10-04T18:18:39+00:00,BTC-USDT,1D,1791043200000,85260.0,1.176364,4.76,9.36,0.0018,0.01771,0.102,0.3242,sharp
2026-10-04T21:51:46+00:00,BTC-USDT,5m,1791150300000,85960.9,1.219075,4.36,9.72,0.0212,0.01771,1.196,0.2899,sharp
2026-10-04T21:51:46+00:00,BTC-USDT,15m,1791149400000,85991.4,1.241685,4.19,8.2,0.0336,0.01771,1.899,0.2766,sharp
2026-10-04T21:51:46+00:00,BTC-USDT,1H,1791144000000,85832.4,1.138301,5.27,13.0,0.0517,0.01771,2.919,0.0797,normal
2026-10-04T21:51:46+00:00,BTC-USDT,4H,1791129600000,85426.6,1.240759,4.2,8.64,0.0173,0.01771,0.978,0.0535,sharp
2026-10-04T21:51:46+00:00,BTC-USDT,1D,1791043200000,85260.0,1.176364,4.76,9.36,0.0018,0.01771,0.102,0.3242,sharp
2026-10-05T00:41:40+00:00,BTC-USDT,5m,1791160500000,86395.6,1.234722,4.24,8.95,0.0216,0.01771,1.217,0.2284,sharp
2026-10-05T00:41:40+00:00,BTC-USDT,15m,1791159300000,86276.5,1.216135,4.38,8.34,0.0056,0.01771,0.314,0.2223,sharp
2026-10-05T00:41:40+00:00,BTC-USDT,1H,1791154800000,86525.1,1.122333,5.55,13.61,0.0495,0.01771,2.794,0.043,normal
2026-10-05T00:41:40+00:00,BTC-USDT,4H,1791144000000,86525.1,1.244995,4.17,8.72,0.038,0.01771,2.144,0.1146,sharp
2026-10-05T00:41:40+00:00,BTC-USDT,1D,1791043200000,85260.0,1.176364,4.76,9.36,0.0018,0.01771,0.102,0.3242,sharp
2026-10-05T06:49:13+00:00,BTC-USDT,5m,1791182400000,85821.9,1.224645,4.31,8.2,0.0135,0.01771,0.764,0.2542,sharp
2026-10-05T06:49:13+00:00,BTC-USDT,15m,1791181800000,85821.9,1.209768,4.43,8.56,0.0174,0.01771,0.982,0.0899,sharp
2026-10-05T06:49:13+00:00,BTC-USDT,1H,1791176400000,85778.0,1.14658,5.14,11.17,0.0223,0.01771,1.257,0.2687,normal
2026-10-05T06:49:13+00:00,BTC-USDT,4H,1791158400000,86092.2,1.245148,4.17,8.62,0.0382,0.01771,2.156,0.1018,sharp
2026-10-05T06:49:13+00:00,BTC-USDT,1D,1791043200000,85260.0,1.176364,4.76,9.36,0.0018,0.01771,0.102,0.3242,sharp
2026-10-05T15:50:36+00:00,BTC-USDT,5m,1791215100000,85330.0,1.180077,4.71,9.41,0.0042,0.01771,0.237,0.1564,sharp
2026-10-05T15:50:36+00:00,BTC-USDT,15m,1791214200000,85356.9,1.222595,4.33,8.45,0.0316,0.01771,1.787,0.1661,sharp
2026-10-05T15:50:36+00:00,BTC-USDT,1H,1791208800000,85644.2,1.211615,4.42,11.4,0.0251,0.01771,1.418,0.1239,sharp
2026-10-05T15:50:36+00:00,BTC-USDT,4H,1791187200000,86210.8,1.231509,4.26,8.83,0.0126,0.01771,0.714,0.1266,sharp
2026-10-05T15:50:36+00:00,BTC-USDT,1D,1791043200000,85260.0,1.176364,4.76,9.36,0.0018,0.01771,0.102,0.3242,sharp
2026-10-05T22:30:03+00:00,BTC-USDT,5m,1791239100000,86003.6,1.277441,3.98,7.62,0.0198,0.01771,1.116,0.3035,sharp
2026-10-05T22:30:03+00:00,BTC-USDT,15m,1791238500000,86003.6,1.207729,4.45,9.12,0.025,0.01771,1.409,0.0615,sharp
2026-10-05T22:30:03+00:00,BTC-USDT,1H,1791234000000,85941.5,1.207415,4.45,11.36,0.0133,0.01771,0.749,0.1574,sharp
2026-10-05T22:30:03+00:00,BTC-USDT,4H,1791216000000,85739.1,1.242211,4.19,8.6,0.0262,0.01771,1.48,0.0814,sharp
2026-10-05T22:30:03+00:00,BTC-USDT,1D,1791129600000,85266.4,1.175903,4.76,9.32,0.0026,0.01771,0.146,0.3213,sharp
2026-10-06T02:28:49+00:00,BTC-USDT,5m,1791253200000,85731.4,1.27795,3.97,7.53,0.006,0.01771,0.338,0.0188,sharp
2026-10-06T02:28:49+00:00,BTC-USDT,15m,1791252000000,85458.2,1.198174,4.53,10.16,0.0073,0.01771,0.415,0.1321,sharp
2026-10-06T02:28:49+00:00,BTC-USDT,1H,1791248400000,85678.4,1.212002,4.41,10.62,0.0253,0.01771,1.428,0.0956,sharp
2026-10-06T02:28:49+00:00,BTC-USDT,4H,1791230400000,85759.7,1.240944,4.2,8.58,0.0077,0.01771,0.436,0.0907,sharp
2026-10-06T02:28:49+00:00,BTC-USDT,1D,1791129600000,85266.4,1.175903,4.76,9.32,0.0026,0.01771,0.146,0.3213,sharp
2026-10-06T09:21:35+00:00,BTC-USDT,5m,1791278100000,86016.2,1.195912,4.56,8.98,0.0324,0.01771,1.828,0.1505,sharp
2026-10-06T09:21:35+00:00,BTC-USDT,15m,1791277200000,85938.3,1.201484,4.5,9.63,0.0324,0.01771,1.828,0.0871,sharp
2026-10-06T09:21:35+00:00,BTC-USDT,1H,1791273600000,86022.7,1.225646,4.31,10.29,0.0241,0.01771,1.36,0.1377,sharp
2026-10-06T09:21:35+00:00,BTC-USDT,4H,1791259200000,85578.4,1.240962,4.2,8.45,0.0035,0.01771,0.2,0.07,sharp
2026-10-06T09:21:35+00:00,BTC-USDT,1D,1791129600000,85266.4,1.175903,4.76,9.32,0.0026,0.01771,0.146,0.3213,sharp
2026-10-06T16:12:15+00:00,BTC-USDT,5m,1791302700000,85729.5,1.217789,4.37,8.9,0.0296,0.01771,1.671,0.0976,sharp
2026-10-06T16:12:15+00:00,BTC-USDT,15m,1791301500000,85722.8,1.256238,4.1,9.0,0.0162,0.01771,0.914,0.0518,sharp
2026-10-06T16:12:15+00:00,BTC-USDT,1H,1791298800000,85722.8,1.229938,4.27,9.8,0.0431,0.01771,2.436,0.0825,sharp
2026-10-06T16:12:15+00:00,BTC-USDT,4H,1791288000000,85722.8,1.250051,4.14,8.31,0.0351,0.01771,1.983,0.0803,sharp
2026-10-06T16:12:15+00:00,BTC-USDT,1D,1791216000000,85722.8,1.176321,4.76,9.26,0.0046,0.01771,0.262,0.3243,sharp
2026-10-06T21:10:46+00:00,BTC-USDT,5m,1791320700000,85549.9,1.265089,4.05,6.98,0.0031,0.01771,0.176,0.1031,sharp
2026-10-06T21:10:46+00:00,BTC-USDT,15m,1791319500000,85616.3,1.232316,4.26,8.97,0.0174,0.01771,0.983,0.076,sharp
2026-10-06T21:10:46+00:00,BTC-USDT,1H,1791316800000,85616.3,1.223328,4.32,9.1,0.0037,0.01771,0.207,0.0349,sharp
2026-10-06T21:10:46+00:00,BTC-USDT,4H,1791302400000,85615.0,1.248,4.15,8.32,0.0029,0.01771,0.162,0.0564,sharp
2026-10-06T21:10:46+00:00,BTC-USDT,1D,1791216000000,85722.8,1.176321,4.76,9.26,0.0046,0.01771,0.262,0.3243,sharp
2026-10-07T00:58:14+00:00,BTC-USDT,5m,1791334200000,85545.9,1.286658,3.93,8.31,0.0071,0.01771,0.403,0.0353,sharp
2026-10-07T00:58:14+00:00,BTC-USDT,15m,1791333000000,85512.7,1.24309,4.18,8.9,0.0065,0.01771,0.369,0.0925,sharp
2026-10-07T00:58:14+00:00,BTC-USDT,1H,1791327600000,85553.9,1.221637,4.34,9.29,0.0086,0.01771,0.487,0.0393,sharp
2026-10-07T00:58:14+00:00,BTC-USDT,4H,1791316800000,85553.9,1.247663,4.15,8.46,0.019,0.01771,1.072,0.0557,sharp
2026-10-07T00:58:14+00:00,BTC-USDT,1D,1791216000000,85722.8,1.176321,4.76,9.26,0.0046,0.01771,0.262,0.3243,sharp
2026-10-07T07:08:49+00:00,BTC-USDT,5m,1791356400000,84200.1,1.259204,4.08,7.92,0.0093,0.01771,0.528,0.0917,sharp
2026-10-07T07:08:49+00:00,BTC-USDT,15m,1791355500000,84224.7,1.097142,6.15,12.51,0.0055,0.01771,0.313,0.3404,normal
2026-10-07T07:08:49+00:00,BTC-USDT,1H,1791352800000,84224.7,1.216509,4.38,9.33,0.0318,0.01771,1.793,0.0936,sharp
2026-10-07T07:08:49+00:00,BTC-USDT,4H,1791331200000,84162.7,1.248848,4.14,8.64,0.0336,0.01771,1.898,0.0287,sharp
2026-10-07T07:08:49+00:00,BTC-USDT,1D,1791216000000,85722.8,1.176321,4.76,9.26,0.0046,0.01771,0.262,0.3243,sharp
2026-10-07T14:42:06+00:00,BTC-USDT,5m,1791383700000,83038.1,1.278713,3.97,7.32,0.0248,0.01771,1.4,0.1741,sharp
2026-10-07T14:42:06+00:00,BTC-USDT,15m,1791382500000,83076.6,1.11766,5.65,10.85,0.0116,0.01771,0.658,0.4528,normal
2026-10-07T14:42:06+00:00,BTC-USDT,1H,1791378000000,83184.8,1.227633,4.29,9.68,0.0041,0.01771,0.234,0.2667,sharp
2026-10-07T14:42:06+00:00,BTC-USDT,4H,1791360000000,83736.0,1.235024,4.24,8.69,0.028,0.01771,1.582,0.0335,sharp
2026-10-07T14:42:06+00:00,BTC-USDT,1D,1791216000000,85722.8,1.176321,4.76,9.26,0.0046,0.01771,0.262,0.3243,sharp
2026-10-07T20:32:39+00:00,BTC-USDT,5m,1791404700000,83577.1,1.241985,4.19,7.58,0.0079,0.01771,0.446,0.1048,sharp
2026-10-07T20:32:39+00:00,BTC-USDT,15m,1791404100000,83577.1,1.230916,4.27,8.14,0.012,0.01771,0.678,0.135,sharp
2026-10-07T20:32:39+00:00,BTC-USDT,1H,1791399600000,83440.1,1.213536,4.4,9.11,0.0191,0.01771,1.078,0.2326,sharp
2026-10-07T20:32:39+00:00,BTC-USDT,4H,1791388800000,83440.1,1.238121,4.22,8.88,0.0271,0.01771,1.531,0.0483,sharp
2026-10-07T20:32:39+00:00,BTC-USDT,1D,1791302400000,83458.2,1.182394,4.69,9.24,0.0108,0.01771,0.611,0.2772,sharp
2026-10-08T00:54:28+00:00,BTC-USDT,5m,1791420300000,83392.9,1.244595,4.17,8.55,0.0042,0.01771,0.237,0.0092,sharp
2026-10-08T00:54:28+00:00,BTC-USDT,15m,1791419400000,83289.9,1.232425,4.26,8.48,0.002,0.01771,0.112,0.1077,sharp
2026-10-08T00:54:28+00:00,BTC-USDT,1H,1791414000000,83323.0,1.210449,4.43,9.65,0.0202,0.01771,1.143,0.2218,sharp
2026-10-08T00:54:28+00:00,BTC-USDT,4H,1791403200000,83323.0,1.230253,4.27,8.74,0.0102,0.01771,0.573,0.0014,sharp
2026-10-08T00:54:28+00:00,BTC-USDT,1D,1791302400000,83458.2,1.182394,4.69,9.24,0.0108,0.01771,0.611,0.2772,sharp
2026-10-08T07:14:06+00:00,BTC-USDT,5m,1791443100000,82987.4,1.26592,4.04,8.24,0.0372,0.01771,2.103,0.0263,sharp
2026-10-08T07:14:06+00:00,BTC-USDT,15m,1791441900000,82868.5,1.277505,3.98,8.09,0.0128,0.01771,0.723,0.1172,sharp
2026-10-08T07:14:06+00:00,BTC-USDT,1H,1791439200000,82868.5,1.198248,4.53,9.09,0.0117,0.01771,0.659,0.2713,sharp
2026-10-08T07:14:06+00:00,BTC-USDT,4H,1791417600000,82771.6,1.229778,4.28,8.82,0.026,0.01771,1.469,0.0098,sharp
2026-10-08T07:14:06+00:00,BTC-USDT,1D,1791302400000,83458.2,1.182394,4.69,9.24,0.0108,0.01771,0.611,0.2772,sharp
2026-10-08T14:50:57+00:00,BTC-USDT,5m,1791470700000,82678.5,1.227917,4.29,8.19,0.0144,0.01771,0.811,0.0961,sharp
2026-10-08T14:50:57+00:00,BTC-USDT,15m,1791469800000,82561.2,1.269009,4.02,8.19,0.0114,0.01771,0.643,0.1124,sharp
2026-10-08T14:50:57+00:00,BTC-USDT,1H,1791464400000,82174.5,1.203641,4.48,9.21,0.0105,0.01771,0.595,0.3031,sharp
2026-10-08T14:50:57+00:00,BTC-USDT,4H,1791446400000,82503.3,1.230789,4.27,8.5,0.0193,0.01771,1.088,0.0413,sharp
2026-10-08T14:50:57+00:00,BTC-USDT,1D,1791302400000,83458.2,1.182394,4.69,9.24,0.0108,0.01771,0.611,0.2772,sharp
2026-10-08T17:42:26+00:00,BTC-USDT,5m,1791480900000,80928.3,1.201165,4.51,8.71,0.0288,0.01771,1.628,0.206,sharp
2026-10-08T17:42:26+00:00,BTC-USDT,15m,1791479700000,80735.8,1.217167,4.37,8.6,0.0093,0.01771,0.525,0.2855,sharp
2026-10-08T17:42:26+00:00,BTC-USDT,1H,1791475200000,80953.2,1.201284,4.51,9.79,0.0086,0.01771,0.483,0.3472,sharp
2026-10-08T17:42:26+00:00,BTC-USDT,4H,1791460800000,81031.3,1.233566,4.25,8.78,0.0346,0.01771,1.955,0.105,sharp
2026-10-08T17:42:26+00:00,BTC-USDT,1D,1791388800000,81031.3,1.185679,4.66,9.36,0.0148,0.01771,0.834,0.2488,sharp
2026-10-08T20:38:52+00:00,BTC-USDT,5m,1791491400000,81762.1,1.228445,4.28,8.78,0.012,0.01771,0.676,0.0765,sharp
2026-10-08T20:38:52+00:00,BTC-USDT,15m,1791490500000,81759.6,1.192335,4.59,9.0,0.0056,0.01771,0.318,0.1271,sharp
2026-10-08T20:38:52+00:00,BTC-USDT,1H,1791486000000,81778.9,1.203949,4.48,9.96,0.0199,0.01771,1.121,0.3154,sharp
2026-10-08T20:38:52+00:00,BTC-USDT,4H,1791475200000,81778.9,1.234407,4.24,8.6,0.0381,0.01771,2.15,0.0746,sharp
2026-10-08T20:38:52+00:00,BTC-USDT,1D,1791388800000,81031.3,1.185679,4.66,9.36,0.0148,0.01771,0.834,0.2488,sharp
2026-10-09T01:08:45+00:00,BTC-USDT,5m,1791507600000,81814.3,1.294826,3.89,7.19,0.0016,0.01771,0.088,0.023,sharp
2026-10-09T01:08:45+00:00,BTC-USDT,15m,1791506700000,81806.6,1.177537,4.74,9.44,0.021,0.01771,1.186,0.1633,sharp
2026-10-09T01:08:45+00:00,BTC-USDT,1H,1791504000000,81806.6,1.200977,4.51,9.64,0.014,0.01771,0.792,0.3334,sharp
2026-10-09T01:08:45+00:00,BTC-USDT,4H,1791489600000,81760.0,1.230884,4.27,8.73,0.0256,0.01771,1.448,0.0581,sharp
2026-10-09T01:08:45+00:00,BTC-USDT,1D,1791388800000,81031.3,1.185679,4.66,9.36,0.0148,0.01771,0.834,0.2488,sharp
2026-10-09T07:56:45+00:00,BTC-USDT,5m,1791532200000,82577.6,1.229143,4.28,8.31,0.0255,0.01771,1.441,0.1876,sharp
2026-10-09T07:56:45+00:00,BTC-USDT,15m,1791531000000,82543.9,1.195515,4.56,8.45,0.0085,0.01771,0.477,0.3246,sharp
2026-10-09T07:56:45+00:00,BTC-USDT,1H,1791525600000,82571.2,1.189401,4.62,10.11,0.0153,0.01771,0.862,0.236,sharp
2026-10-09T07:56:45+00:00,BTC-USDT,4H,1791504000000,82419.7,1.230923,4.27,8.57,0.0067,0.01771,0.377,0.0695,sharp
2026-10-09T07:56:45+00:00,BTC-USDT,1D,1791388800000,81031.3,1.185679,4.66,9.36,0.0148,0.01771,0.834,0.2488,sharp
2026-10-09T15:13:07+00:00,BTC-USDT,5m,1791558300000,82849.4,1.184552,4.67,8.51,0.0077,0.01771,0.437,0.0291,sharp
2026-10-09T15:13:07+00:00,BTC-USDT,15m,1791557100000,83039.7,1.242374,4.19,8.51,0.0092,0.01771,0.522,0.2057,sharp
2026-10-09T15:13:07+00:00,BTC-USDT,1H,1791554400000,83039.7,1.209582,4.43,9.52,0.0285,0.01771,1.607,0.0882,sharp
2026-10-09T15:13:07+00:00,BTC-USDT,4H,1791532800000,83241.4,1.219455,4.35,8.97,0.0012,0.01771,0.067,0.0075,sharp
2026-10-09T15:13:07+00:00,BTC-USDT,1D,1791388800000,81031.3,1.185679,4.66,9.36,0.0148,0.01771,0.834,0.2488,sharp
2026-10-09T20:17:46+00:00,BTC-USDT,5m,1791576600000,82401.8,1.261361,4.07,7.76,0.0019,0.01771,0.11,0.1956,sharp
2026-10-09T20:17:46+00:00,BTC-USDT,15m,1791576000000,82401.8,1.241493,4.19,8.55,0.0161,0.01771,0.909,0.0231,sharp
2026-10-09T20:17:46+00:00,BTC-USDT,1H,1791572400000,82328.6,1.211548,4.42,9.41,0.0022,0.01771,0.127,0.1274,sharp
2026-10-09T20:17:46+00:00,BTC-USDT,4H,1791561600000,82328.6,1.223325,4.32,8.94,0.0055,0.01771,0.308,0.0605,sharp
2026-10-09T20:17:46+00:00,BTC-USDT,1D,1791475200000,82872.4,1.188723,4.62,9.04,0.023,0.01771,1.297,0.2816,sharp
